{"cameraMode":{"drawMode":0,"name":"Shaded","section":"Shading Mode"},"sceneLighting":false,"audioPlay":false,"sceneViewState":{"m_AlwaysRefresh":false,"showFog":true,"showSkybox":false,"showFlares":true,"showImageEffects":true,"showParticleSystems":true,"showVisualEffectGraphs":true,"m_FxEnabled":true},"in2DMode":false,"pivot":{"x":0.8411104679107666,"y":1.7822860479354859,"z":0.48354285955429079},"rotation":{"x":-0.06289665400981903,"y":-0.23808351159095765,"z":0.015446845442056656,"w":-0.969102680683136},"size":0.7330126762390137,"orthographic":false}